{
    "model": {
        "type": "select",
        "property": "custom_model_data",
        "fallback": {
            "type": "model",
            "model": "block/beacon"
        },
        "cases": [
            {
                "when": "100",
                "model": {
                    "type": "model",
                    "model": "item/custom/block/collector"
                }
            },
            {
                "when": "101",
                "model": {
                    "type": "model",
                    "model": "item/custom/block/compresser"
                }
            }
        ]
    }
}