{
    "model": {
        "type": "select",
        "property": "custom_model_data",
        "fallback": {
            "type": "model",
            "model": "block/crafting_table"
        },
        "cases": [
            {
                "when": "100",
                "model": {
                    "type": "model",
                    "model": "item/custom/block/compressed"
                }
            },
            {
                "when": "101",
                "model": {
                    "type": "model",
                    "model": "item/custom/block/double_compressed"
                }
            },
            {
               "when": "102",
               "model": {
                   "type": "model",
                   "model": "item/custom/block/extreme"
               } 
            }
        ]
    }
}