{
    "model": {
        "type": "select",
        "property": "custom_model_data",
        "fallback": {
            "type": "model",
            "model": "item/diamond_sword"
        },
        "cases": [
            {
                "when": "100",
                "model": {
                    "type": "model",
                    "model": "item/custom/tools/sword_of_the_cosmos"
                }
            },
            {
                "when": "101",
                "model": {
                    "type": "model",
                    "model": "item/custom/tools/skullfire_sword"
                }
            }
        ]
    }
}