{
    "model": {
        "type": "select",
        "property": "custom_model_data",
        "fallback": {
            "type": "model",
            "model": "item/diamond"
        },
        "cases": [
            {
                "when": "100",
                "model": {
                    "type": "model",
                    "model": "item/custom/diamond_lattice"
                }
            },
            {
                "when": "101",
                "model": {
                    "type": "model",
                    "model": "item/custom/crystal_matrix_ingot"
                }
            }
        ]
    }
}