{
    "model": {
        "type": "select",
        "property": "custom_model_data",
        "fallback": {
            "type": "model",
            "model": "item/ghast_tear"
        },
        "cases": [
            {
                "when": "99",
                "model": {
                    "type": "model",
                    "model": "item/custom/infinity_catalyst"
                }
            },
            {
                "when": "100",
                "model": {
                    "type": "model",
                    "model": "item/custom/singularity/iron"
                }
            },
            {
                "when": "101",
                "model": {
                    "type": "model",
                    "model": "item/custom/singularity/gold"
                }
            },
            {
                "when": "102",
                "model": {
                    "type": "model",
                    "model": "item/custom/singularity/lapis"
                }
            },
            {
                "when": "103",
                "model": {
                    "type": "model",
                    "model": "item/custom/singularity/redstone"
                }
            },
            {
                "when": "104",
                "model": {
                    "type": "model",
                    "model": "item/custom/singularity/quartz"
                }
            },
            {
                "when": "105",
                "model": {
                    "type": "model",
                    "model": "item/custom/singularity/diamond"
                }
            },
            {
                "when": "106",
                "model": {
                    "type": "model",
                    "model": "item/custom/singularity/emerald"
                }
            },
            {
                "when": "107",
                "model": {
                    "type": "model",
                    "model": "item/custom/singularity/coal"
                }
            },
            {
                "when": "108",
                "model": {
                    "type": "model",
                    "model": "item/custom/singularity/redstone"
                }
            },
            {
                "when": "109",
                "model": {
                    "type": "model",
                    "model": "item/custom/singularity/copper"
                }
            }
        ]
    }
}