{
	"parent": "item/generated",
	"format_version": "1.21.6",
	"credit": "Made with Blockbench",
	"textures": {
		"0": "layer_0",
		"1": "layer_1",
		"particle": "layer_0"
	},
	"elements": [
		{
			"name": "out",
			"from": [0, 0, 7.25],
			"to": [16, 16, 8.75],
			"rotation": {"angle": 0, "axis": "y", "origin": [0, 0, 7.5]},
			"faces": {
				"north": {"uv": [16, 0, 0, 16], "texture": "#0"},
				"east": {"uv": [0, 0, 1.5, 16], "texture": "#0"},
				"south": {"uv": [0, 0, 16, 16], "texture": "#0"},
				"west": {"uv": [0, 0, 1.5, 16], "texture": "#0"},
				"up": {"uv": [0, 0, 16, 1.5], "texture": "#0"},
				"down": {"uv": [0, 0, 16, 1.5], "texture": "#0"}
			}
		},
		{
			"name": "fix16",
			"from": [15, 0, 7.5],
			"to": [16, 16, 8.5],
			"rotation": {"angle": 0, "axis": "y", "origin": [15, 0, 7.5]},
			"faces": {
				"north": {"uv": [15, 0, 16, 16], "texture": "#1"},
				"east": {"uv": [15, 0, 16, 16], "texture": "#1"},
				"south": {"uv": [15, 0, 16, 16], "texture": "#1"},
				"west": {"uv": [15, 0, 16, 16], "texture": "#1"},
				"up": {"uv": [15, 0, 16, 1], "texture": "#1"},
				"down": {"uv": [15, 0, 16, 1], "texture": "#1"}
			}
		},
		{
			"name": "fix15",
			"from": [14, 0, 7.5],
			"to": [15, 16, 8.5],
			"rotation": {"angle": 0, "axis": "y", "origin": [14, 0, 7.5]},
			"faces": {
				"north": {"uv": [14, 0, 15, 16], "texture": "#1"},
				"east": {"uv": [14, 0, 15, 16], "texture": "#1"},
				"south": {"uv": [14, 0, 15, 16], "texture": "#1"},
				"west": {"uv": [14, 0, 15, 16], "texture": "#1"},
				"up": {"uv": [14, 0, 15, 1], "texture": "#1"},
				"down": {"uv": [14, 0, 15, 1], "texture": "#1"}
			}
		},
		{
			"name": "fix14",
			"from": [13, 0, 7.5],
			"to": [14, 16, 8.5],
			"rotation": {"angle": 0, "axis": "y", "origin": [13, 0, 7.5]},
			"faces": {
				"north": {"uv": [13, 0, 14, 16], "texture": "#1"},
				"east": {"uv": [13, 0, 14, 16], "texture": "#1"},
				"south": {"uv": [13, 0, 14, 16], "texture": "#1"},
				"west": {"uv": [13, 0, 14, 16], "texture": "#1"},
				"up": {"uv": [13, 0, 14, 1], "texture": "#1"},
				"down": {"uv": [13, 0, 14, 1], "texture": "#1"}
			}
		},
		{
			"name": "fix13",
			"from": [12, 0, 7.5],
			"to": [13, 16, 8.5],
			"rotation": {"angle": 0, "axis": "y", "origin": [12, 0, 7.5]},
			"faces": {
				"north": {"uv": [12, 0, 13, 16], "texture": "#1"},
				"east": {"uv": [12, 0, 13, 16], "texture": "#1"},
				"south": {"uv": [12, 0, 13, 16], "texture": "#1"},
				"west": {"uv": [12, 0, 13, 16], "texture": "#1"},
				"up": {"uv": [12, 0, 13, 1], "texture": "#1"},
				"down": {"uv": [12, 0, 13, 1], "texture": "#1"}
			}
		},
		{
			"name": "fix12",
			"from": [11, 0, 7.5],
			"to": [12, 16, 8.5],
			"rotation": {"angle": 0, "axis": "y", "origin": [11, 0, 7.5]},
			"faces": {
				"north": {"uv": [11, 0, 12, 16], "texture": "#1"},
				"east": {"uv": [11, 0, 12, 16], "texture": "#1"},
				"south": {"uv": [11, 0, 12, 16], "texture": "#1"},
				"west": {"uv": [11, 0, 12, 16], "texture": "#1"},
				"up": {"uv": [11, 0, 12, 1], "texture": "#1"},
				"down": {"uv": [11, 0, 12, 1], "texture": "#1"}
			}
		},
		{
			"name": "fix11",
			"from": [10, 0, 7.5],
			"to": [11, 16, 8.5],
			"rotation": {"angle": 0, "axis": "y", "origin": [10, 0, 7.5]},
			"faces": {
				"north": {"uv": [10, 0, 11, 16], "texture": "#1"},
				"east": {"uv": [10, 0, 11, 16], "texture": "#1"},
				"south": {"uv": [10, 0, 11, 16], "texture": "#1"},
				"west": {"uv": [10, 0, 11, 16], "texture": "#1"},
				"up": {"uv": [10, 0, 11, 1], "texture": "#1"},
				"down": {"uv": [10, 0, 11, 1], "texture": "#1"}
			}
		},
		{
			"name": "fix10",
			"from": [9, 0, 7.5],
			"to": [10, 16, 8.5],
			"rotation": {"angle": 0, "axis": "y", "origin": [9, 0, 7.5]},
			"faces": {
				"north": {"uv": [9, 0, 10, 16], "texture": "#1"},
				"east": {"uv": [9, 0, 10, 16], "texture": "#1"},
				"south": {"uv": [9, 0, 10, 16], "texture": "#1"},
				"west": {"uv": [9, 0, 10, 16], "texture": "#1"},
				"up": {"uv": [9, 0, 10, 1], "texture": "#1"},
				"down": {"uv": [9, 0, 10, 1], "texture": "#1"}
			}
		},
		{
			"name": "fix9",
			"from": [8, 0, 7.5],
			"to": [9, 16, 8.5],
			"rotation": {"angle": 0, "axis": "y", "origin": [8, 0, 7.5]},
			"faces": {
				"north": {"uv": [8, 0, 9, 16], "texture": "#1"},
				"east": {"uv": [8, 0, 9, 16], "texture": "#1"},
				"south": {"uv": [8, 0, 9, 16], "texture": "#1"},
				"west": {"uv": [8, 0, 9, 16], "texture": "#1"},
				"up": {"uv": [8, 0, 9, 1], "texture": "#1"},
				"down": {"uv": [8, 0, 9, 1], "texture": "#1"}
			}
		},
		{
			"name": "fix8",
			"from": [7, 0, 7.5],
			"to": [8, 16, 8.5],
			"rotation": {"angle": 0, "axis": "y", "origin": [7, 0, 7.5]},
			"faces": {
				"north": {"uv": [7, 0, 8, 16], "texture": "#1"},
				"east": {"uv": [7, 0, 8, 16], "texture": "#1"},
				"south": {"uv": [7, 0, 8, 16], "texture": "#1"},
				"west": {"uv": [7, 0, 8, 16], "texture": "#1"},
				"up": {"uv": [7, 0, 8, 1], "texture": "#1"},
				"down": {"uv": [7, 0, 8, 1], "texture": "#1"}
			}
		},
		{
			"name": "fix7",
			"from": [6, 0, 7.5],
			"to": [7, 16, 8.5],
			"rotation": {"angle": 0, "axis": "y", "origin": [6, 0, 7.5]},
			"faces": {
				"north": {"uv": [6, 0, 7, 16], "texture": "#1"},
				"east": {"uv": [6, 0, 7, 16], "texture": "#1"},
				"south": {"uv": [6, 0, 7, 16], "texture": "#1"},
				"west": {"uv": [6, 0, 7, 16], "texture": "#1"},
				"up": {"uv": [6, 0, 7, 1], "texture": "#1"},
				"down": {"uv": [6, 0, 7, 1], "texture": "#1"}
			}
		},
		{
			"name": "fix6",
			"from": [5, 0, 7.5],
			"to": [6, 16, 8.5],
			"rotation": {"angle": 0, "axis": "y", "origin": [5, 0, 7.5]},
			"faces": {
				"north": {"uv": [5, 0, 6, 16], "texture": "#1"},
				"east": {"uv": [5, 0, 6, 16], "texture": "#1"},
				"south": {"uv": [5, 0, 6, 16], "texture": "#1"},
				"west": {"uv": [5, 0, 6, 16], "texture": "#1"},
				"up": {"uv": [5, 0, 6, 1], "texture": "#1"},
				"down": {"uv": [5, 0, 6, 1], "texture": "#1"}
			}
		},
		{
			"name": "fix5",
			"from": [4, 0, 7.5],
			"to": [5, 16, 8.5],
			"rotation": {"angle": 0, "axis": "y", "origin": [4, 0, 7.5]},
			"faces": {
				"north": {"uv": [4, 0, 5, 16], "texture": "#1"},
				"east": {"uv": [4, 0, 5, 16], "texture": "#1"},
				"south": {"uv": [4, 0, 5, 16], "texture": "#1"},
				"west": {"uv": [4, 0, 5, 16], "texture": "#1"},
				"up": {"uv": [4, 0, 5, 1], "texture": "#1"},
				"down": {"uv": [4, 0, 5, 1], "texture": "#1"}
			}
		},
		{
			"name": "fix4",
			"from": [3, 0, 7.5],
			"to": [4, 16, 8.5],
			"rotation": {"angle": 0, "axis": "y", "origin": [3, 0, 7.5]},
			"faces": {
				"north": {"uv": [3, 0, 4, 16], "texture": "#1"},
				"east": {"uv": [3, 0, 4, 16], "texture": "#1"},
				"south": {"uv": [3, 0, 4, 16], "texture": "#1"},
				"west": {"uv": [3, 0, 4, 16], "texture": "#1"},
				"up": {"uv": [3, 0, 4, 1], "texture": "#1"},
				"down": {"uv": [3, 0, 4, 1], "texture": "#1"}
			}
		},
		{
			"name": "fix3",
			"from": [2, 0, 7.5],
			"to": [3, 16, 8.5],
			"rotation": {"angle": 0, "axis": "y", "origin": [2, 0, 7.5]},
			"faces": {
				"north": {"uv": [2, 0, 3, 16], "texture": "#1"},
				"east": {"uv": [2, 0, 3, 16], "texture": "#1"},
				"south": {"uv": [2, 0, 3, 16], "texture": "#1"},
				"west": {"uv": [2, 0, 3, 16], "texture": "#1"},
				"up": {"uv": [2, 0, 3, 1], "texture": "#1"},
				"down": {"uv": [2, 0, 3, 1], "texture": "#1"}
			}
		},
		{
			"name": "fix2",
			"from": [1, 0, 7.5],
			"to": [2, 16, 8.5],
			"rotation": {"angle": 0, "axis": "y", "origin": [1, 0, 7.5]},
			"faces": {
				"north": {"uv": [1, 0, 2, 16], "texture": "#1"},
				"east": {"uv": [1, 0, 2, 16], "texture": "#1"},
				"south": {"uv": [1, 0, 2, 16], "texture": "#1"},
				"west": {"uv": [1, 0, 2, 16], "texture": "#1"},
				"up": {"uv": [1, 0, 2, 1], "texture": "#1"},
				"down": {"uv": [1, 0, 2, 1], "texture": "#1"}
			}
		},
		{
			"name": "fix1",
			"from": [0, 0, 7.5],
			"to": [1, 16, 8.5],
			"rotation": {"angle": 0, "axis": "y", "origin": [0, 0, 7.5]},
			"faces": {
				"north": {"uv": [0, 0, 1, 16], "texture": "#1"},
				"east": {"uv": [0, 0, 1, 16], "texture": "#1"},
				"south": {"uv": [0, 0, 1, 16], "texture": "#1"},
				"west": {"uv": [0, 0, 1, 16], "texture": "#1"},
				"up": {"uv": [0, 0, 1, 1], "texture": "#1"},
				"down": {"uv": [0, 0, 1, 1], "texture": "#1"}
			}
		},
		{
			"name": "fix16",
			"from": [0, 15, 7.5],
			"to": [16, 16, 8.5],
			"rotation": {"angle": 0, "axis": "y", "origin": [0, 15, 7.5]},
			"faces": {
				"north": {"uv": [0, 15, 16, 16], "texture": "#1"},
				"east": {"uv": [1, 15, 0, 16], "texture": "#1"},
				"south": {"uv": [16, 15, 0, 16], "texture": "#1"},
				"west": {"uv": [1, 15, 0, 16], "texture": "#1"},
				"up": {"uv": [16, 15, 0, 16], "texture": "#1"},
				"down": {"uv": [16, 15, 0, 16], "texture": "#1"}
			}
		},
		{
			"name": "fix15",
			"from": [0, 14, 7.5],
			"to": [16, 15, 8.5],
			"rotation": {"angle": 0, "axis": "y", "origin": [0, 14, 7.5]},
			"faces": {
				"north": {"uv": [0, 14, 16, 15], "texture": "#1"},
				"east": {"uv": [1, 14, 0, 15], "texture": "#1"},
				"south": {"uv": [16, 14, 0, 15], "texture": "#1"},
				"west": {"uv": [1, 14, 0, 15], "texture": "#1"},
				"up": {"uv": [16, 14, 0, 15], "texture": "#1"},
				"down": {"uv": [16, 14, 0, 15], "texture": "#1"}
			}
		},
		{
			"name": "fix14",
			"from": [0, 13, 7.5],
			"to": [16, 14, 8.5],
			"rotation": {"angle": 0, "axis": "y", "origin": [0, 13, 7.5]},
			"faces": {
				"north": {"uv": [0, 13, 16, 14], "texture": "#1"},
				"east": {"uv": [1, 13, 0, 14], "texture": "#1"},
				"south": {"uv": [16, 13, 0, 14], "texture": "#1"},
				"west": {"uv": [1, 13, 0, 14], "texture": "#1"},
				"up": {"uv": [16, 13, 0, 14], "texture": "#1"},
				"down": {"uv": [16, 13, 0, 14], "texture": "#1"}
			}
		},
		{
			"name": "fix13",
			"from": [0, 12, 7.5],
			"to": [16, 13, 8.5],
			"rotation": {"angle": 0, "axis": "y", "origin": [0, 12, 7.5]},
			"faces": {
				"north": {"uv": [0, 12, 16, 13], "texture": "#1"},
				"east": {"uv": [1, 12, 0, 13], "texture": "#1"},
				"south": {"uv": [16, 12, 0, 13], "texture": "#1"},
				"west": {"uv": [1, 12, 0, 13], "texture": "#1"},
				"up": {"uv": [16, 12, 0, 13], "texture": "#1"},
				"down": {"uv": [16, 12, 0, 13], "texture": "#1"}
			}
		},
		{
			"name": "fix12",
			"from": [0, 11, 7.5],
			"to": [16, 12, 8.5],
			"rotation": {"angle": 0, "axis": "y", "origin": [0, 11, 7.5]},
			"faces": {
				"north": {"uv": [0, 11, 16, 12], "texture": "#1"},
				"east": {"uv": [1, 11, 0, 12], "texture": "#1"},
				"south": {"uv": [16, 11, 0, 12], "texture": "#1"},
				"west": {"uv": [1, 11, 0, 12], "texture": "#1"},
				"up": {"uv": [16, 11, 0, 12], "texture": "#1"},
				"down": {"uv": [16, 11, 0, 12], "texture": "#1"}
			}
		},
		{
			"name": "fix11",
			"from": [0, 10, 7.5],
			"to": [16, 11, 8.5],
			"rotation": {"angle": 0, "axis": "y", "origin": [0, 10, 7.5]},
			"faces": {
				"north": {"uv": [0, 10, 16, 11], "texture": "#1"},
				"east": {"uv": [1, 10, 0, 11], "texture": "#1"},
				"south": {"uv": [16, 10, 0, 11], "texture": "#1"},
				"west": {"uv": [1, 10, 0, 11], "texture": "#1"},
				"up": {"uv": [16, 10, 0, 11], "texture": "#1"},
				"down": {"uv": [16, 10, 0, 11], "texture": "#1"}
			}
		},
		{
			"name": "fix10",
			"from": [0, 9, 7.5],
			"to": [16, 10, 8.5],
			"rotation": {"angle": 0, "axis": "y", "origin": [0, 9, 7.5]},
			"faces": {
				"north": {"uv": [0, 9, 16, 10], "texture": "#1"},
				"east": {"uv": [1, 9, 0, 10], "texture": "#1"},
				"south": {"uv": [16, 9, 0, 10], "texture": "#1"},
				"west": {"uv": [1, 9, 0, 10], "texture": "#1"},
				"up": {"uv": [16, 9, 0, 10], "texture": "#1"},
				"down": {"uv": [16, 9, 0, 10], "texture": "#1"}
			}
		},
		{
			"name": "fix9",
			"from": [0, 8, 7.5],
			"to": [16, 9, 8.5],
			"rotation": {"angle": 0, "axis": "y", "origin": [0, 8, 7.5]},
			"faces": {
				"north": {"uv": [0, 8, 16, 9], "texture": "#1"},
				"east": {"uv": [1, 8, 0, 9], "texture": "#1"},
				"south": {"uv": [16, 8, 0, 9], "texture": "#1"},
				"west": {"uv": [1, 8, 0, 9], "texture": "#1"},
				"up": {"uv": [16, 8, 0, 9], "texture": "#1"},
				"down": {"uv": [16, 8, 0, 9], "texture": "#1"}
			}
		},
		{
			"name": "fix8",
			"from": [0, 7, 7.5],
			"to": [16, 8, 8.5],
			"rotation": {"angle": 0, "axis": "y", "origin": [0, 7, 7.5]},
			"faces": {
				"north": {"uv": [0, 7, 16, 8], "texture": "#1"},
				"east": {"uv": [1, 7, 0, 8], "texture": "#1"},
				"south": {"uv": [16, 7, 0, 8], "texture": "#1"},
				"west": {"uv": [1, 7, 0, 8], "texture": "#1"},
				"up": {"uv": [16, 7, 0, 8], "texture": "#1"},
				"down": {"uv": [16, 7, 0, 8], "texture": "#1"}
			}
		},
		{
			"name": "fix7",
			"from": [0, 6, 7.5],
			"to": [16, 7, 8.5],
			"rotation": {"angle": 0, "axis": "y", "origin": [0, 6, 7.5]},
			"faces": {
				"north": {"uv": [0, 6, 16, 7], "texture": "#1"},
				"east": {"uv": [1, 6, 0, 7], "texture": "#1"},
				"south": {"uv": [16, 6, 0, 7], "texture": "#1"},
				"west": {"uv": [1, 6, 0, 7], "texture": "#1"},
				"up": {"uv": [16, 6, 0, 7], "texture": "#1"},
				"down": {"uv": [16, 6, 0, 7], "texture": "#1"}
			}
		},
		{
			"name": "fix6",
			"from": [0, 5, 7.5],
			"to": [16, 6, 8.5],
			"rotation": {"angle": 0, "axis": "y", "origin": [0, 5, 7.5]},
			"faces": {
				"north": {"uv": [0, 5, 16, 6], "texture": "#1"},
				"east": {"uv": [1, 5, 0, 6], "texture": "#1"},
				"south": {"uv": [16, 5, 0, 6], "texture": "#1"},
				"west": {"uv": [1, 5, 0, 6], "texture": "#1"},
				"up": {"uv": [16, 5, 0, 6], "texture": "#1"},
				"down": {"uv": [16, 5, 0, 6], "texture": "#1"}
			}
		},
		{
			"name": "fix5",
			"from": [0, 4, 7.5],
			"to": [16, 5, 8.5],
			"rotation": {"angle": 0, "axis": "y", "origin": [0, 4, 7.5]},
			"faces": {
				"north": {"uv": [0, 4, 16, 5], "texture": "#1"},
				"east": {"uv": [1, 4, 0, 5], "texture": "#1"},
				"south": {"uv": [16, 4, 0, 5], "texture": "#1"},
				"west": {"uv": [1, 4, 0, 5], "texture": "#1"},
				"up": {"uv": [16, 4, 0, 5], "texture": "#1"},
				"down": {"uv": [16, 4, 0, 5], "texture": "#1"}
			}
		},
		{
			"name": "fix4",
			"from": [0, 3, 7.5],
			"to": [16, 4, 8.5],
			"rotation": {"angle": 0, "axis": "y", "origin": [0, 3, 7.5]},
			"faces": {
				"north": {"uv": [0, 3, 16, 4], "texture": "#1"},
				"east": {"uv": [1, 3, 0, 4], "texture": "#1"},
				"south": {"uv": [16, 3, 0, 4], "texture": "#1"},
				"west": {"uv": [1, 3, 0, 4], "texture": "#1"},
				"up": {"uv": [16, 3, 0, 4], "texture": "#1"},
				"down": {"uv": [16, 3, 0, 4], "texture": "#1"}
			}
		},
		{
			"name": "fix3",
			"from": [0, 2, 7.5],
			"to": [16, 3, 8.5],
			"rotation": {"angle": 0, "axis": "y", "origin": [0, 2, 7.5]},
			"faces": {
				"north": {"uv": [0, 2, 16, 3], "texture": "#1"},
				"east": {"uv": [1, 2, 0, 3], "texture": "#1"},
				"south": {"uv": [16, 2, 0, 3], "texture": "#1"},
				"west": {"uv": [1, 2, 0, 3], "texture": "#1"},
				"up": {"uv": [16, 2, 0, 3], "texture": "#1"},
				"down": {"uv": [16, 2, 0, 3], "texture": "#1"}
			}
		},
		{
			"name": "fix2",
			"from": [0, 1, 7.5],
			"to": [16, 2, 8.5],
			"rotation": {"angle": 0, "axis": "y", "origin": [0, 1, 7.5]},
			"faces": {
				"north": {"uv": [0, 1, 16, 2], "texture": "#1"},
				"east": {"uv": [1, 1, 0, 2], "texture": "#1"},
				"south": {"uv": [16, 1, 0, 2], "texture": "#1"},
				"west": {"uv": [1, 1, 0, 2], "texture": "#1"},
				"up": {"uv": [16, 1, 0, 2], "texture": "#1"},
				"down": {"uv": [16, 1, 0, 2], "texture": "#1"}
			}
		},
		{
			"name": "fix1",
			"from": [0, 0, 7.5],
			"to": [16, 1, 8.5],
			"rotation": {"angle": 0, "axis": "y", "origin": [0, 0, 7.5]},
			"faces": {
				"north": {"uv": [0, 0, 16, 1], "texture": "#1"},
				"east": {"uv": [0, 0, 1, 1], "texture": "#1"},
				"south": {"uv": [0, 0, 16, 1], "texture": "#1"},
				"west": {"uv": [0, 0, 1, 1], "texture": "#1"},
				"up": {"uv": [0, 0, 16, 1], "texture": "#1"},
				"down": {"uv": [0, 0, 16, 1], "texture": "#1"}
			}
		}
	],
	"groups": [
		0,
		{
			"name": "high",
			"origin": [8, 8, 8],
			"color": 0,
			"children": [1, 2, 3, 4, 5, 6, 7, 8, 9, 10, 11, 12, 13, 14, 15, 16]
		},
		{
			"name": "width",
			"origin": [8, 8, 8],
			"color": 0,
			"children": [17, 18, 19, 20, 21, 22, 23, 24, 25, 26, 27, 28, 29, 30, 31, 32]
		}
	]
}