{
  "parent": "item/generated",
  "textures": {
    "layer0": "item/ghast_tear"
  },
  "overrides": [
    {
      "predicate": {
        "custom_model_data": 99
      },
      "model": "item/custom/infinity_catalyst"
    },
    {
      "predicate": {
        "custom_model_data": 100
      },
      "model": "item/custom/singularity/iron"
    },
    {
      "predicate": {
        "custom_model_data": 101
      },
      "model": "item/custom/singularity/gold"
    },
    {
      "predicate": {
        "custom_model_data": 102
      },
      "model": "item/custom/singularity/lapis"
    },
    {
      "predicate": {
        "custom_model_data": 103
      },
      "model": "item/custom/singularity/redstone"
    },
    {
      "predicate": {
        "custom_model_data": 104
      },
      "model": "item/custom/singularity/quartz"
    },
    {
      "predicate": {
        "custom_model_data": 105
      },
      "model": "item/custom/singularity/diamond"
    },
    {
      "predicate": {
        "custom_model_data": 106
      },
      "model": "item/custom/singularity/emerald"
    },
    {
      "predicate": {
        "custom_model_data": 107
      },
      "model": "item/custom/singularity/coal"
    },
    {
      "predicate": {
        "custom_model_data": 108
      },
      "model": "item/custom/singularity/redstone"
    },
    {
      "predicate": {
        "custom_model_data": 109
      },
      "model": "item/custom/singularity/copper"
    }
  ]
}